month,city,temp
1, 吉安县,8.5
2, 吉安县,6.5
3, 吉安县,17
4, 吉安县,20
5, 吉安县,21.8
6, 吉安县,27.6
7, 吉安县,32
8, 吉安县,32.7
9, 吉安县,28
10, 吉安县,21.4
11, 吉安县,18.4
12, 吉安县,7.8
1,丁青,-4.5
2,丁青,-4.8
3,丁青,1.4
4,丁青,3.8
5,丁青,6.3
6,丁青,9.4
7,丁青,10.5
8,丁青,11.1
9,丁青,9
10,丁青,5
11,丁青,0
12,丁青,-4.9
1,万源,5
2,万源,4.9
3,万源,14.3
4,万源,16.8
5,万源,20.3
6,万源,24.4
7,万源,25.7
8,万源,27.4
9,万源,20.9
10,万源,15.7
11,万源,12.5
12,万源,5.3
1,三穗,4.6
2,三穗,3.2
3,三穗,14
4,三穗,16.8
5,三穗,18.6
6,三穗,24.2
7,三穗,27.8
8,三穗,28
9,三穗,24.2
10,三穗,17.4
11,三穗,14.7
12,三穗,5.7
1,上川岛,17.4
2,上川岛,14
3,上川岛,21.2
4,上川岛,22.9
5,上川岛,24.8
6,上川岛,28.3
7,上川岛,29.7
8,上川岛,28.2
9,上川岛,28.7
10,上川岛,25.2
11,上川岛,22.6
12,上川岛,15.2
3,东乌珠穆沁,-0.4
4,东乌珠穆沁,6.1
5,东乌珠穆沁,11.8
6,东乌珠穆沁,18.2
7,东乌珠穆沁,22.4
8,东乌珠穆沁,17.4
9,东乌珠穆沁,15.7
10,东乌珠穆沁,4.1
11,东乌珠穆沁,0.7
1,东兴区,8.3
2,东兴区,8.5
3,东兴区,17.6
4,东兴区,18.5
5,东兴区,21.3
6,东兴区,25.1
7,东兴区,27.7
8,东兴区,29.7
9,东兴区,22.9
10,东兴区,19
11,东兴区,15.9
12,东兴区,7.6
1,东台,3.7
2,东台,3.7
3,东台,11.1
4,东台,16.1
5,东台,20.4
6,东台,26.9
7,东台,29.2
8,东台,29.5
9,东台,22.5
10,东台,16.3
11,东台,13.8
12,东台,3.5
1,东方,21.6
2,东方,18.8
3,东方,25
4,东方,25.5
5,东方,27.6
6,东方,30.8
7,东方,29.7
8,东方,29.3
9,东方,28.8
10,东方,25.7
11,东方,25.9
12,东方,19.6
1,东胜,-4.1
2,东胜,-4.1
3,东胜,6.7
4,东胜,9.9
5,东胜,15.7
6,东胜,20.3
7,东胜,21.9
8,东胜,19.7
9,东胜,16.5
10,东胜,8.9
11,东胜,3.9
1,中宁,-2.1
2,中宁,-1.1
3,中宁,10.9
4,中宁,14
5,中宁,18.5
6,中宁,23.3
7,中宁,23.6
8,中宁,21.3
9,中宁,20.2
10,中宁,11.8
11,中宁,6
12,中宁,-5.8
1,丰宁,-4.1
2,丰宁,2.3
3,丰宁,3.4
4,丰宁,10.8
5,丰宁,15.7
6,丰宁,19.8
7,丰宁,23.3
8,丰宁,22.2
9,丰宁,17.9
10,丰宁,8
11,丰宁,2.8
1,临江,-8.2
2,临江,-2.2
3,临江,1.2
4,临江,10.4
5,临江,13.4
6,临江,18.5
7,临江,22.9
8,临江,19.8
9,临江,15.4
10,临江,6
11,临江,0.9
12,临江,-7.5
1,临沧,11
2,临沧,12.2
3,临沧,18
4,临沧,17.7
5,临沧,19.2
6,临沧,20.5
7,临沧,21.8
8,临沧,21.8
9,临沧,20.4
10,临沧,18.7
11,临沧,15.2
12,临沧,11.9
1,临河,-3
2,临河,-4
3,临河,7
4,临河,10.9
5,临河,16.8
6,临河,21.9
7,临河,23.3
8,临河,21.3
9,临河,17.4
10,临河,8.3
11,临河,2.9
1,丹东,-3
2,丹东,-0.6
3,丹东,4.6
4,丹东,11
5,丹东,15.2
6,丹东,20.2
7,丹东,24.7
8,丹东,23.1
9,丹东,19.1
10,丹东,10.8
11,丹东,6.7
12,丹东,-3.6
1,丽水,8.7
2,丽水,6.8
3,丽水,16.1
4,丽水,18.6
5,丽水,20.2
6,丽水,25.8
7,丽水,31.8
8,丽水,31.6
9,丽水,26.5
10,丽水,20.2
11,丽水,17.4
12,丽水,7.2
1,丽江,6.6
2,丽江,6.2
3,丽江,13.9
4,丽江,13.2
5,丽江,15.2
6,丽江,16.5
7,丽江,18.1
8,丽江,18.9
9,丽江,16.9
10,丽江,14
11,丽江,10.3
12,丽江,7.9
1,乌拉特中旗,-3.7
2,乌拉特中旗,-4.2
3,乌拉特中旗,4.7
4,乌拉特中旗,8.5
5,乌拉特中旗,16
6,乌拉特中旗,20.1
7,乌拉特中旗,22.7
8,乌拉特中旗,20.5
9,乌拉特中旗,16.5
10,乌拉特中旗,7.2
11,乌拉特中旗,1.3
3,乌鞘岭,-1.5
4,乌鞘岭,0.8
5,乌鞘岭,7.1
6,乌鞘岭,11.1
7,乌鞘岭,12.5
8,乌鞘岭,12
9,乌鞘岭,8.7
10,乌鞘岭,2
11,乌鞘岭,-1.2
1,乐亭,-1.6
2,乐亭,0.1
3,乐亭,6.2
4,乐亭,14.1
5,乐亭,19
6,乐亭,22.5
7,乐亭,26.5
8,乐亭,25.8
9,乐亭,22.5
10,乐亭,13.5
11,乐亭,8.5
12,乐亭,-0.5
1,九仙山,6.3
2,九仙山,5.1
3,九仙山,12.1
4,九仙山,12.5
5,九仙山,14.1
6,九仙山,17.8
7,九仙山,21.2
8,九仙山,20.4
9,九仙山,17.7
10,九仙山,13.1
11,九仙山,12.8
12,九仙山,5.5
1,九龙,2
2,九龙,0.3
3,九龙,6.7
4,九龙,7.5
5,九龙,10.8
6,九龙,12.7
7,九龙,14.3
8,九龙,15.9
9,九龙,12.8
10,九龙,11.4
11,九龙,5.8
12,九龙,2.4
2,二连浩特,-3.6
3,二连浩特,1.1
4,二连浩特,7.9
5,二连浩特,16.3
6,二连浩特,19.1
7,二连浩特,24
8,二连浩特,20.1
9,二连浩特,17.7
10,二连浩特,8.4
11,二连浩特,0.6
1,五台山,-8.6
2,五台山,-6.5
3,五台山,-0.4
4,五台山,6
5,五台山,8.9
6,五台山,14
7,五台山,15.5
8,五台山,14.5
9,五台山,11.3
10,五台山,4.4
11,五台山,0.3
12,五台山,
4,五道梁,-2.9
5,五道梁,0.3
6,五道梁,3.7
7,五道梁,6.6
8,五道梁,7.2
9,五道梁,2.1
10,五道梁,-1.1
11,五道梁,
1,亳州,2.8
2,亳州,4.5
3,亳州,12.4
4,亳州,18.3
5,亳州,21.9
6,亳州,29.2
7,亳州,28.7
8,亳州,28.6
9,亳州,24.1
10,亳州,16.4
11,亳州,13.1
12,亳州,2.8
1,介休,-1.2
2,介休,0.1
3,介休,9.6
4,介休,15.9
5,介休,18.6
6,介休,24.2
7,介休,23.8
8,介休,23.2
9,介休,19.5
10,介休,11.5
11,介休,8
12,介休,-0.8
2,伊春,-5.1
3,伊春,-0.1
4,伊春,4.8
5,伊春,11
6,伊春,17.5
7,伊春,22.5
8,伊春,18.2
9,伊春,14.1
10,伊春,3.2
11,伊春,-1.9
12,伊春,-6
1,会泽,6.4
2,会泽,5.2
3,会泽,13.5
4,会泽,12.3
5,会泽,13.7
6,会泽,16.7
7,会泽,19.8
8,会泽,19.7
9,会泽,16.2
10,会泽,13.8
11,会泽,12
12,会泽,4.3
1,会理,10.8
2,会理,10.3
3,会理,17.8
4,会理,15.6
5,会理,17.3
6,会理,19.2
7,会理,21.4
8,会理,21.9
9,会理,19.2
10,会理,17.5
11,会理,14.7
12,会理,9.7
1,佛冈,14.1
2,佛冈,10.7
3,佛冈,20.4
4,佛冈,21.6
5,佛冈,23.4
6,佛冈,27
7,佛冈,29.6
8,佛冈,28.3
9,佛冈,28.2
10,佛冈,24.4
11,佛冈,21.1
12,佛冈,12.4
1,保定,-1.5
2,保定,1.4
3,保定,7.9
4,保定,15.6
5,保定,19.3
6,保定,25.1
7,保定,26.8
8,保定,25.4
9,保定,21.8
10,保定,12.9
11,保定,8.2
12,保定,-1.5
1,保山,9.5
2,保山,9.6
3,保山,16.2
4,保山,17
5,保山,18.9
6,保山,20.9
7,保山,21.8
8,保山,22
9,保山,21
10,保山,18.9
11,保山,13.7
12,保山,10.5
1,信宜,16.8
2,信宜,13.3
3,信宜,22.3
4,信宜,23
5,信宜,24.8
6,信宜,27.4
7,信宜,29
8,信宜,27.9
9,信宜,27.7
10,信宜,24.8
11,信宜,23.3
12,信宜,14.7
1,信阳,3.4
2,信阳,5.2
3,信阳,13.6
4,信阳,19
5,信阳,21.3
6,信阳,28.4
7,信阳,29.2
8,信阳,29.5
9,信阳,24.8
10,信阳,17.1
11,信阳,13.8
12,信阳,4.3
1,修水,6.5
2,修水,5.1
3,修水,14.9
4,修水,18.6
5,修水,20.7
6,修水,26.3
7,修水,30
8,修水,31.4
9,修水,26.7
10,修水,19.6
11,修水,16.8
12,修水,5.8
1,儋州,20.4
2,儋州,17.5
3,儋州,24.4
4,儋州,24.7
5,儋州,25.7
6,儋州,29.5
7,儋州,28.9
8,儋州,27.7
9,儋州,27.4
10,儋州,24.3
11,儋州,24.4
12,儋州,17.2
1,元江,17.9
2,元江,17.1
3,元江,24.1
4,元江,24.1
5,元江,25.4
6,元江,27.2
7,元江,29.1
8,元江,28.3
9,元江,27.4
10,元江,24.7
11,元江,24.1
12,元江,17.5
3,克山,-0.7
4,克山,5.3
5,克山,12.2
6,克山,20.1
7,克山,23.5
8,克山,19
9,克山,14.8
10,克山,4.4
11,克山,-1.5
12,克山,-8.1
1,克拉玛依,-7
2,克拉玛依,-5.5
3,克拉玛依,4.8
4,克拉玛依,16.4
5,克拉玛依,24.2
6,克拉玛依,26.8
7,克拉玛依,27.1
8,克拉玛依,25.4
9,克拉玛依,21.3
10,克拉玛依,10.1
11,克拉玛依,2.8
1,兖州,1.7
2,兖州,3.4
3,兖州,11.3
4,兖州,17.6
5,兖州,21.7
6,兖州,27.6
7,兖州,27.4
8,兖州,27.7
9,兖州,22.8
10,兖州,14.6
11,兖州,11.6
12,兖州,0.5
1,兴仁,7.8
2,兴仁,5.3
3,兴仁,16.2
4,兴仁,16.1
5,兴仁,17.6
6,兴仁,21.3
7,兴仁,23.6
8,兴仁,23.7
9,兴仁,20.2
10,兴仁,16.3
11,兴仁,16.3
12,兴仁,5.9
3,冷湖,3
4,冷湖,6.8
5,冷湖,11.9
6,冷湖,14.7
7,冷湖,15.8
8,冷湖,14.6
9,冷湖,11.1
10,冷湖,6.9
11,冷湖,-2.8
1,凤翔,0.8
2,凤翔,1.2
3,凤翔,11.1
4,凤翔,14.6
5,凤翔,18.6
6,凤翔,23.8
7,凤翔,24.1
8,凤翔,23.9
9,凤翔,19.3
10,凤翔,12.1
11,凤翔,7.9
12,凤翔,0.4
2,前郭,-1.1
3,前郭,0.7
4,前郭,8.5
5,前郭,15.4
6,前郭,20.3
7,前郭,24.8
8,前郭,21.3
9,前郭,17.3
10,前郭,6.8
11,前郭,-0.5
1,勐腊,17.8
2,勐腊,17.6
3,勐腊,23.6
4,勐腊,23.5
5,勐腊,24.5
6,勐腊,25.5
7,勐腊,26.2
8,勐腊,25.6
9,勐腊,24.9
10,勐腊,23.1
11,勐腊,21.4
12,勐腊,18.5
1,化德,-7.1
2,化德,-6.1
3,化德,1.4
4,化德,6.4
5,化德,13.4
6,化德,15.9
7,化德,20.1
8,化德,18.6
9,化德,15.8
10,化德,6.3
11,化德,0
1,北京,-2.3
2,北京,0.3
3,北京,6.7
4,北京,15.7
5,北京,20.7
6,北京,25.1
7,北京,27.2
8,北京,25.7
9,北京,22.1
10,北京,12.3
11,北京,7.3
12,北京,-0.5
1,北海,16.2
2,北海,12.4
3,北海,21.8
4,北海,22.8
5,北海,25.4
6,北海,28.8
7,北海,29.9
8,北海,28.5
9,北海,28.4
10,北海,24.7
11,北海,23.3
12,北海,14.4
1,华家岭,-5.9
2,华家岭,-5.7
3,华家岭,4.4
4,华家岭,6
5,华家岭,10.3
6,华家岭,15.5
7,华家岭,16.2
8,华家岭,14.9
9,华家岭,11.4
10,华家岭,5.3
11,华家岭,1.8
12,华家岭,-5.1
1,华山,-4.1
2,华山,-3.6
3,华山,6.4
4,华山,9.1
5,华山,13
6,华山,18.2
7,华山,18.5
8,华山,18.9
9,华山,13.4
10,华山,7.8
11,华山,4.9
12,华山,-2.2
1,南京,4.8
2,南京,4.6
3,南京,13.5
4,南京,17.6
5,南京,21.4
6,南京,27.7
7,南京,30.5
8,南京,31
9,南京,23.6
10,南京,17.1
11,南京,14.1
12,南京,4
1,南城,7.9
2,南城,6.1
3,南城,16.3
4,南城,19.1
5,南城,21.1
6,南城,26.8
7,南城,31.7
8,南城,32
9,南城,27.2
10,南城,20.9
11,南城,17.7
12,南城,6.6
1,南宁,13.4
2,南宁,10.4
3,南宁,20.9
4,南宁,22.2
5,南宁,23.9
6,南宁,27.9
7,南宁,29.3
8,南宁,28.6
9,南宁,28
10,南宁,24.2
11,南宁,22.2
12,南宁,13.4
1,南岳,1.4
2,南岳,-1.6
3,南岳,10.8
4,南岳,12.7
5,南岳,14.9
6,南岳,20.4
7,南岳,23.4
8,南岳,23.5
9,南岳,20
10,南岳,13.2
11,南岳,10.7
12,南岳,0.2
1,南昌,7.2
2,南昌,6
3,南昌,15.9
4,南昌,19.4
5,南昌,21.4
6,南昌,26.7
7,南昌,31.9
8,南昌,32.8
9,南昌,28
10,南昌,20.5
11,南昌,17.7
12,南昌,7
1,南阳,2.3
2,南阳,3.9
3,南阳,12.5
4,南阳,17.8
5,南阳,20.7
6,南阳,28.3
7,南阳,27.6
8,南阳,27.8
9,南阳,23.7
10,南阳,16.2
11,南阳,12.2
12,南阳,2.9
1,原平,-1.7
2,原平,-4.1
3,原平,7.2
4,原平,14.1
5,原平,17.8
6,原平,23.1
7,原平,23.8
8,原平,22.5
9,原平,19
10,原平,10.7
11,原平,6.8
1,厦门,15.2
2,厦门,13.2
3,厦门,18.7
4,厦门,21.3
5,厦门,22.3
6,厦门,27.1
7,厦门,29.9
8,厦门,30
9,厦门,28.6
10,厦门,24.7
11,厦门,22.1
12,厦门,15.1
1,台中市,15.8
2,台中市,14.6
3,台中市,19.2
4,台中市,21.5
5,台中市,22.8
6,台中市,26.9
7,台中市,28.4
8,台中市,28.1
9,台中市,26
10,台中市,23.5
11,台中市,22.3
12,台中市,15.6
1,台南,17.8
2,台南,16.6
3,台南,21.6
4,台南,23.6
5,台南,25.2
6,台南,28.1
7,台南,28.7
8,台南,28.2
9,台南,27.7
10,台南,25.7
11,台南,24.6
12,台南,18.4
1,合作,-3.4
2,合作,-4.2
3,合作,1.1
4,合作,3.3
5,合作,7.8
6,合作,10.7
7,合作,13.2
8,合作,14.5
9,合作,8.5
10,合作,5.1
11,合作,-0.5
1,合肥,5.5
2,合肥,5.2
3,合肥,13.2
4,合肥,17.3
5,合肥,20.7
6,合肥,26.9
7,合肥,29.9
8,合肥,30.2
9,合肥,24.2
10,合肥,18
11,合肥,15
12,合肥,5.2
2,吐鲁番,2.2
3,吐鲁番,14.8
4,吐鲁番,23.6
5,吐鲁番,30.2
6,吐鲁番,32.5
7,吐鲁番,32.4
8,吐鲁番,30.5
9,吐鲁番,29
10,吐鲁番,16.4
11,吐鲁番,8.1
1,吕泗,5.3
2,吕泗,4.9
3,吕泗,11.3
4,吕泗,15.4
5,吕泗,19.4
6,吕泗,25.4
7,吕泗,29.2
8,吕泗,29.6
9,吕泗,23.4
10,吕泗,18.2
11,吕泗,15.2
12,吕泗,5.8
1,呼和浩特,-3.3
2,呼和浩特,-5.2
3,呼和浩特,6.1
4,呼和浩特,11.5
5,呼和浩特,16.8
6,呼和浩特,22
7,呼和浩特,23
8,呼和浩特,21.1
9,呼和浩特,16.3
10,呼和浩特,8.5
11,呼和浩特,1.8
12,呼和浩特,-4.7
2,呼玛,-4.8
3,呼玛,-0.8
4,呼玛,2.1
5,呼玛,10.3
6,呼玛,18.8
7,呼玛,22.2
8,呼玛,17
9,呼玛,10.8
10,呼玛,2.5
11,呼玛,-2.8
1,和布克赛尔,-3.7
3,和布克赛尔,-1.2
4,和布克赛尔,8.5
5,和布克赛尔,17.4
6,和布克赛尔,19.6
7,和布克赛尔,19.3
8,和布克赛尔,17.6
9,和布克赛尔,15.1
10,和布克赛尔,4
11,和布克赛尔,-1.4
12,和布克赛尔,-5.4
2,和田,-1.4
3,和田,14.4
4,和田,19.6
5,和田,22.2
6,和田,23.6
7,和田,24
8,和田,22.5
9,和田,22.8
10,和田,13.9
11,和田,8.5
2,哈密,-2.4
3,哈密,9.3
4,哈密,16.4
5,哈密,24.5
6,哈密,25.8
7,哈密,26.3
8,哈密,25
9,哈密,21.6
10,哈密,10.1
11,哈密,3.6
12,哈密,-5.4
2,哈尔滨,-2.8
3,哈尔滨,0.7
4,哈尔滨,7.8
5,哈尔滨,14.2
6,哈尔滨,20.4
7,哈尔滨,24.9
8,哈尔滨,20.7
9,哈尔滨,16.7
10,哈尔滨,6.4
11,哈尔滨,0.3
12,哈尔滨,-3.6
1,哈巴河,-3.4
2,哈巴河,-4.7
3,哈巴河,0
4,哈巴河,10.9
5,哈巴河,19.8
6,哈巴河,22.6
7,哈巴河,21.9
8,哈巴河,20.2
9,哈巴河,16.9
10,哈巴河,7.5
11,哈巴河,2.7
1,唐山,-1.2
2,唐山,0.1
3,唐山,6.2
4,唐山,15.3
5,唐山,19.9
6,唐山,23.4
7,唐山,26.8
8,唐山,25.2
9,唐山,22
10,唐山,12.8
11,唐山,7.9
12,唐山,-1
2,喀什,-0.3
3,喀什,12.5
4,喀什,19.3
5,喀什,21.4
6,喀什,25.5
7,喀什,28.8
8,喀什,22.8
9,喀什,22.9
10,喀什,14.2
11,喀什,7.4
1,四平,-3.3
2,四平,-1.1
3,四平,2.6
4,四平,10.8
5,四平,16.4
6,四平,20.4
7,四平,24.5
8,四平,21.5
9,四平,17.9
10,四平,8
11,四平,1.8
12,四平,-4.6
2,围场,-1.3
3,围场,2.1
4,围场,8
5,围场,13.2
6,围场,17.3
7,围场,21.7
8,围场,20.2
9,围场,16.1
10,围场,6.6
11,围场,1.1
1,固始,3.9
2,固始,4.6
3,固始,13.7
4,固始,18.7
5,固始,21.5
6,固始,28
7,固始,29.1
8,固始,29.6
9,固始,23.9
10,固始,16.8
11,固始,13.6
12,固始,3.2
3,图里河,-2
4,图里河,1.4
5,图里河,7.4
6,图里河,14.1
7,图里河,18.6
8,图里河,12.7
9,图里河,8.6
10,图里河,1.2
11,图里河,-3.6
3,塔中,11.8
4,塔中,18
5,塔中,22.9
6,塔中,24.4
7,塔中,25.7
8,塔中,24.5
9,塔中,21.5
10,塔中,10
11,塔中,7.9
1,塔城,-1.7
2,塔城,-3
3,塔城,2.5
4,塔城,13.2
5,塔城,20.2
6,塔城,23.3
7,塔城,23.4
8,塔城,21.7
9,塔城,18.1
10,塔城,8.5
11,塔城,2.2
12,塔城,-6.5
1,多伦县,-5.5
2,多伦县,-3.5
3,多伦县,0.9
4,多伦县,6.4
5,多伦县,11.4
6,多伦县,16.2
7,多伦县,20.2
8,多伦县,18.3
9,多伦县,14.6
10,多伦县,6.5
11,多伦县,1
1,大同,-4
2,大同,-3.6
3,大同,4.6
4,大同,9.8
5,大同,14.9
6,大同,19.6
7,大同,22.5
8,大同,20.5
9,大同,16
10,大同,8.1
11,大同,2.6
1,大理,9
2,大理,9.9
3,大理,15.4
4,大理,15.8
5,大理,17
6,大理,18.8
7,大理,20.6
8,大理,20.9
9,大理,19.1
10,大理,16.5
11,大理,12.4
12,大理,9.7
1,大连,-0.5
2,大连,2.1
3,大连,5.7
4,大连,13.1
5,大连,18
6,大连,20.8
7,大连,25.4
8,大连,24.9
9,大连,21.1
10,大连,12.9
11,大连,9.3
12,大连,0.8
1,大陈,8.8
2,大陈,7.5
3,大陈,13.2
4,大陈,16.1
5,大陈,18.3
6,大陈,23
7,大陈,27.2
8,大陈,28.4
9,大陈,24.7
10,大陈,20.2
11,大陈,17.6
12,大陈,9.3
1,天津,-1.3
2,天津,1.7
3,天津,7.4
4,天津,16.5
5,天津,21.9
6,天津,25.7
7,天津,27.7
8,天津,26.4
9,天津,23.5
10,天津,14.2
11,天津,9.1
12,天津,-1.3
1,太原,-1.6
2,太原,1.6
3,太原,7.9
4,太原,14.5
5,太原,18
6,太原,25.1
7,太原,24.1
8,太原,23.6
9,太原,18.6
10,太原,10.7
11,太原,6.9
12,太原,-3.1
1,奉节,8.3
2,奉节,8.4
3,奉节,16.1
4,奉节,19.2
5,奉节,22.1
6,奉节,26.4
7,奉节,28.3
8,奉节,31.6
9,奉节,24.4
10,奉节,20
11,奉节,16.5
12,奉节,9
1,威宁,3.9
2,威宁,1.7
3,威宁,11.4
4,威宁,10.8
5,威宁,12.7
6,威宁,16
7,威宁,19
8,威宁,19.6
9,威宁,14.9
10,威宁,11.5
11,威宁,11.1
12,威宁,1.1
3,嫩江,-0.8
4,嫩江,4.9
5,嫩江,11.2
6,嫩江,19.7
7,嫩江,23.2
8,嫩江,18.3
9,嫩江,13.3
10,嫩江,3
11,嫩江,-1.8
2,孙吴,-7.3
3,孙吴,-0.5
4,孙吴,4.4
5,孙吴,11.1
6,孙吴,19.2
7,孙吴,23.1
8,孙吴,19
9,孙吴,13.5
10,孙吴,3.8
11,孙吴,-1.8
1,孟津,0.9
2,孟津,3.6
3,孟津,11.8
4,孟津,17.8
5,孟津,21.2
6,孟津,27.4
7,孟津,26.2
8,孟津,25.6
9,孟津,23.2
10,孟津,14.8
11,孟津,10.9
12,孟津,3.2
1,安康,5
2,安康,6
3,安康,14.2
4,安康,18.2
5,安康,21
6,安康,26.1
7,安康,27.1
8,安康,29.1
9,安康,22.3
10,安康,15.9
11,安康,12.6
12,安康,4.8
2,安达,-2.5
3,安达,0.5
4,安达,7.5
5,安达,14.3
6,安达,20.7
7,安达,24.9
8,安达,21.2
9,安达,16.4
10,安达,5.9
11,安达,0
1,安阳,0.3
2,安阳,3.7
3,安阳,10.4
4,安阳,17.4
5,安阳,21.5
6,安阳,27
7,安阳,25.8
8,安阳,25.5
9,安阳,23.2
10,安阳,14.6
11,安阳,10.4
12,安阳,0.5
2,定日,
3,定日,2.3
4,定日,3.4
5,定日,4.7
6,定日,8.6
7,定日,9.6
8,定日,9.1
9,定日,8.7
10,定日,8.1
1,定海,7.7
2,定海,6.5
3,定海,12.9
4,定海,16.3
5,定海,19
6,定海,24.3
7,定海,29.4
8,定海,29.8
9,定海,24.3
10,定海,19.4
11,定海,16.7
12,定海,7.8
1,定陶,1.3
2,定陶,3.9
3,定陶,11.1
4,定陶,16.9
5,定陶,20.8
6,定陶,28.3
7,定陶,27.2
8,定陶,27.3
9,定陶,22.8
10,定陶,15.1
11,定陶,11.7
12,定陶,0.9
1,宜宾,8.3
2,宜宾,7.8
3,宜宾,17.8
4,宜宾,18.4
5,宜宾,20.6
6,宜宾,24.1
7,宜宾,26.8
8,宜宾,27.8
9,宜宾,22.2
10,宜宾,18.5
11,宜宾,16.1
12,宜宾,7.5
1,宜昌,4.7
2,宜昌,5.2
3,宜昌,13.9
4,宜昌,18.2
5,宜昌,20.5
6,宜昌,25.7
7,宜昌,27.5
8,宜昌,29.4
9,宜昌,24.3
10,宜昌,17.7
11,宜昌,14.6
12,宜昌,6.2
1,宜春,7.2
2,宜春,5.6
3,宜春,15.8
4,宜春,18.9
5,宜春,21
6,宜春,26.7
7,宜春,30.4
8,宜春,31.5
9,宜春,27.6
10,宜春,20.6
11,宜春,17.6
12,宜春,7.3
2,宝国吐,-1.8
3,宝国吐,3
4,宝国吐,11.3
5,宝国吐,17.2
6,宝国吐,19
7,宝国吐,23.6
8,宝国吐,21.9
9,宝国吐,18.2
10,宝国吐,8
11,宝国吐,2.5
1,宝山,6.3
2,宝山,5.7
3,宝山,13
4,宝山,17
5,宝山,20.4
6,宝山,26.7
7,宝山,31
8,宝山,31
9,宝山,24.2
10,宝山,18.8
11,宝山,15.9
12,宝山,6.3
2,宝清,-2.1
3,宝清,0.7
4,宝清,7.2
5,宝清,14.6
6,宝清,19.9
7,宝清,23.6
8,宝清,20.4
9,宝清,16.3
10,宝清,6.4
11,宝清,0
12,宝清,-7.4
1,宽甸,-4.1
2,宽甸,-0.5
3,宽甸,3.3
4,宽甸,11.1
5,宽甸,14.9
6,宽甸,19.7
7,宽甸,24.2
8,宽甸,22
9,宽甸,17.7
10,宽甸,8.6
11,宽甸,4.7
12,宽甸,-4.5
1,富蕴,-4.8
2,富蕴,-3.6
3,富蕴,-0.6
4,富蕴,10.4
5,富蕴,19.9
6,富蕴,22.3
7,富蕴,22.2
8,富蕴,21
9,富蕴,16.8
10,富蕴,5.4
11,富蕴,0.3
2,富锦,-2.4
3,富锦,-1.1
4,富锦,5.6
5,富锦,13.4
6,富锦,19.6
7,富锦,23.6
8,富锦,20.4
9,富锦,14.6
10,富锦,5.6
11,富锦,-0.9
12,富锦,-3.6
1,寻乌,11.9
2,寻乌,8.6
3,寻乌,18.7
4,寻乌,19.9
5,寻乌,22
6,寻乌,25.7
7,寻乌,28.7
8,寻乌,28
9,寻乌,26.5
10,寻乌,22.7
11,寻乌,19.5
12,寻乌,9.1
1,射阳,2.9
2,射阳,3
3,射阳,9.4
4,射阳,14.2
5,射阳,18.8
6,射阳,25.1
7,射阳,28.2
8,射阳,28.2
9,射阳,22
10,射阳,15.5
11,射阳,12.8
12,射阳,3.1
3,小二沟,-0.5
4,小二沟,3.8
5,小二沟,11.2
6,小二沟,19
7,小二沟,22.8
8,小二沟,17.3
9,小二沟,12.7
10,小二沟,2.2
11,小二沟,-1.1
12,小二沟,
2,尚志,-1.4
3,尚志,0.7
4,尚志,8
5,尚志,14
6,尚志,19.9
7,尚志,24.6
8,尚志,20.4
9,尚志,16.2
10,尚志,6
11,尚志,-0.9
12,尚志,-3.2
1,岳阳,6
2,岳阳,6
3,岳阳,15.2
4,岳阳,19.7
5,岳阳,21.5
6,岳阳,27.9
7,岳阳,31.1
8,岳阳,32.2
9,岳阳,26.5
10,岳阳,19.1
11,岳阳,16.3
12,岳阳,6.7
1,峨眉山,-4.2
2,峨眉山,-5.5
3,峨眉山,3.7
4,峨眉山,3.7
5,峨眉山,6.2
6,峨眉山,10.4
7,峨眉山,13.9
8,峨眉山,13.9
9,峨眉山,8.5
10,峨眉山,4.5
11,峨眉山,2.9
12,峨眉山,-4.8
1,崆峒,-2.7
2,崆峒,-1.9
3,崆峒,8.7
4,崆峒,11.6
5,崆峒,15.7
6,崆峒,20.1
7,崆峒,21
8,崆峒,19.8
9,崆峒,15.7
10,崆峒,9.5
11,崆峒,5.5
12,崆峒,0.1
1,嵊州,6.5
2,嵊州,5.5
3,嵊州,14.4
4,嵊州,17.9
5,嵊州,19.9
6,嵊州,26
7,嵊州,31.2
8,嵊州,30.8
9,嵊州,24.2
10,嵊州,18.2
11,嵊州,16.3
12,嵊州,5.9
1,嵊泗,7.5
2,嵊泗,6.3
3,嵊泗,12.1
4,嵊泗,15.5
5,嵊泗,18.4
6,嵊泗,23.2
7,嵊泗,28.4
8,嵊泗,28.5
9,嵊泗,23.9
10,嵊泗,19.4
11,嵊泗,16.9
12,嵊泗,8.2
1,巴塘,4.6
2,巴塘,5.2
3,巴塘,10.2
4,巴塘,11.5
5,巴塘,14.4
6,巴塘,15
7,巴塘,16.8
8,巴塘,17.3
9,巴塘,14.9
10,巴塘,13.5
11,巴塘,9.2
12,巴塘,7.2
2,巴林左旗,-0.6
3,巴林左旗,2.7
4,巴林左旗,9.7
5,巴林左旗,15.2
6,巴林左旗,19.3
7,巴林左旗,23
8,巴林左旗,20.3
9,巴林左旗,18.4
10,巴林左旗,7.4
11,巴林左旗,0.1
1,巴音布鲁克,-7.5
3,巴音布鲁克,-2.1
4,巴音布鲁克,3.8
5,巴音布鲁克,9.3
6,巴音布鲁克,11.4
7,巴音布鲁克,12.1
8,巴音布鲁克,10.6
9,巴音布鲁克,7.8
10,巴音布鲁克,0.7
11,巴音布鲁克,-1.8
1,常德,4.9
2,常德,5.2
3,常德,14.3
4,常德,18.8
5,常德,20.4
6,常德,27.2
7,常德,29.4
8,常德,31.5
9,常德,26.1
10,常德,18.8
11,常德,15.6
12,常德,6.3
1,平潭,12.2
2,平潭,10
3,平潭,16
4,平潭,19
5,平潭,19.8
6,平潭,25.8
7,平潭,29.2
8,平潭,29.7
9,平潭,27.5
10,平潭,22.6
11,平潭,19.8
12,平潭,12.9
1,广南,10.6
2,广南,8.3
3,广南,18.8
4,广南,18
5,广南,19
6,广南,23.1
7,广南,24.6
8,广南,23.7
9,广南,21.4
10,广南,18.4
11,广南,17.9
12,广南,8.6
1,广州,11
2,广州,9
3,广州,18.6
4,广州,21.4
5,广州,23
6,广州,28
7,广州,30.8
8,广州,30.7
9,广州,28.5
10,广州,22.8
11,广州,19.7
12,广州,10.3
1,广昌,8.7
2,广昌,6.3
3,广昌,17
4,广昌,18.9
5,广昌,21.3
6,广昌,26.4
7,广昌,30.3
8,广昌,30.4
9,广昌,26.9
10,广昌,21
11,广昌,17.8
12,广昌,6.8
1,庐山,1.6
2,庐山,-0.8
3,庐山,10.4
4,庐山,13.1
5,庐山,15.8
6,庐山,21
7,庐山,24.5
8,庐山,25.2
9,庐山,19.5
10,庐山,13.3
11,庐山,11.1
12,庐山,0
1,库尔勒,-2.2
2,库尔勒,-2.2
3,库尔勒,9.5
4,库尔勒,17
5,库尔勒,23.5
6,库尔勒,24.8
7,库尔勒,24.2
8,库尔勒,22.8
9,库尔勒,21.5
10,库尔勒,11.2
11,库尔勒,3.7
1,康定,-1.1
2,康定,-1.8
3,康定,7.5
4,康定,7.8
5,康定,10.9
6,康定,13.1
7,康定,16.2
8,康定,17.1
9,康定,12.2
10,康定,9
11,康定,6.4
12,康定,-1.1
1,延吉,-4.7
2,延吉,-1.7
3,延吉,2.5
4,延吉,10.5
5,延吉,13.4
6,延吉,16.8
7,延吉,22.1
8,延吉,21.1
9,延吉,16.3
10,延吉,7.2
11,延吉,1
12,延吉,-7.5
1,张家口,-4.5
2,张家口,-2
3,张家口,4.9
4,张家口,11.9
5,张家口,17.1
6,张家口,20.8
7,张家口,24
8,张家口,22.2
9,张家口,18.7
10,张家口,10.1
11,张家口,3.7
2,张掖,-4.4
3,张掖,7.5
4,张掖,11
5,张掖,17.2
6,张掖,21.2
7,张掖,20.9
8,张掖,20.2
9,张掖,18.1
10,张掖,7.8
11,张掖,3.5
1,彰武,-2.9
2,彰武,-2.1
3,彰武,3.2
4,彰武,11.6
5,彰武,17.5
6,彰武,20.9
7,彰武,25.1
8,彰武,23.4
9,彰武,18.8
10,彰武,9.2
11,彰武,3
12,彰武,-1.8
1,徐家汇,6.8
2,徐家汇,6.2
3,徐家汇,13.8
4,徐家汇,17.6
5,徐家汇,20.9
6,徐家汇,26.7
7,徐家汇,31.5
8,徐家汇,31.2
9,徐家汇,24.7
10,徐家汇,19.1
11,徐家汇,16.5
12,徐家汇,6.9
1,徐州,2.4
2,徐州,4.2
3,徐州,11.8
4,徐州,18
5,徐州,22
6,徐州,29
7,徐州,28.5
8,徐州,29.1
9,徐州,23.2
10,徐州,15.8
11,徐州,12.6
12,徐州,2
1,德格,-0.1
2,德格,-2.1
3,德格,5.8
4,德格,6.9
5,德格,8.5
6,德格,11.6
7,德格,12.4
8,德格,14.3
9,德格,11.4
10,德格,8.1
11,德格,2.7
12,德格,-0.5
1,德钦,-1.6
2,德钦,-2
3,德钦,4.7
4,德钦,5.3
5,德钦,9.3
6,德钦,12.1
7,德钦,13.4
8,德钦,14.1
9,德钦,12.2
10,德钦,9.1
11,德钦,3
12,德钦,0.4
1,怀来,-3.7
2,怀来,-1.8
3,怀来,5.6
4,怀来,13
5,怀来,19
6,怀来,21.9
7,怀来,24.9
8,怀来,23.5
9,怀来,20.2
10,怀来,10.3
11,怀来,5.3
1,思南,5.7
2,思南,4.7
3,思南,15.1
4,思南,17.2
5,思南,18.9
6,思南,23.6
7,思南,28
8,思南,29.3
9,思南,24.9
10,思南,19.5
11,思南,15.8
12,思南,6.7
1,思茅,14.1
2,思茅,14.8
3,思茅,20.5
4,思茅,20
5,思茅,20.5
6,思茅,21.4
7,思茅,22.8
8,思茅,22.2
9,思茅,21.2
10,思茅,19.3
11,思茅,17.9
12,思茅,14.9
1,恩施,6.5
2,恩施,6.3
3,恩施,14.2
4,恩施,18.1
5,恩施,20.7
6,恩施,25.6
7,恩施,28.4
8,恩施,31.1
9,恩施,23.2
10,恩施,18.9
11,恩施,15.7
12,恩施,6.8
1,惠民,-1
2,惠民,3.1
3,惠民,9.3
4,惠民,16.4
5,惠民,20.7
6,惠民,25.4
7,惠民,27.2
8,惠民,26.2
9,惠民,21.9
10,惠民,14
11,惠民,10.5
12,惠民,-0.2
1,成山头,1
2,成山头,1.3
3,成山头,5.1
4,成山头,10.2
5,成山头,15.6
6,成山头,18.1
7,成山头,23.3
8,成山头,23.9
9,成山头,21.9
10,成山头,15.5
11,成山头,11.5
12,成山头,1.4
1,房县,3.4
2,房县,4.1
3,房县,12.7
4,房县,16.9
5,房县,19.5
6,房县,25.1
7,房县,27.5
8,房县,27.7
9,房县,22.2
10,房县,15.5
11,房县,12.5
12,房县,3.7
2,扎鲁特,1.4
3,扎鲁特,2.9
4,扎鲁特,10.6
5,扎鲁特,16.1
6,扎鲁特,20.2
7,扎鲁特,24.9
8,扎鲁特,21.7
9,扎鲁特,18.4
10,扎鲁特,7.8
11,扎鲁特,0.9
1,打鼓岭,16.8
2,打鼓岭,14.1
3,打鼓岭,21.3
4,打鼓岭,23.2
5,打鼓岭,24.6
6,打鼓岭,28.1
7,打鼓岭,30
8,打鼓岭,28.4
9,打鼓岭,28.3
10,打鼓岭,25.1
11,打鼓岭,22.5
12,打鼓岭,13.9
1,承德,-3.9
2,承德,3.5
3,承德,4.7
4,承德,12.7
5,承德,17.3
6,承德,20.9
7,承德,24.6
8,承德,23.4
9,承德,19.9
10,承德,10
11,承德,4.1
1,敦化,-4.8
2,敦化,-2.5
3,敦化,1
4,敦化,9.5
5,敦化,13
6,敦化,16.7
7,敦化,22.5
8,敦化,19.7
9,敦化,15.8
10,敦化,5.9
11,敦化,0.4
12,敦化,-6.8
3,新巴尔虎右旗,-2.5
4,新巴尔虎右旗,3.8
5,新巴尔虎右旗,12.3
6,新巴尔虎右旗,19.5
7,新巴尔虎右旗,22.2
8,新巴尔虎右旗,17.5
9,新巴尔虎右旗,14.1
10,新巴尔虎右旗,3.6
11,新巴尔虎右旗,-1.8
1,日照,1.9
2,日照,3.2
3,日照,8.1
4,日照,14.2
5,日照,19.8
6,日照,22.2
7,日照,25.6
8,日照,26.2
9,日照,22.1
10,日照,15.5
11,日照,12.8
12,日照,3.6
1,昆明,9
2,昆明,8.4
3,昆明,16.2
4,昆明,15.1
5,昆明,16.7
6,昆明,18.9
7,昆明,20.6
8,昆明,20.3
9,昆明,17.7
10,昆明,15.3
11,昆明,13.6
12,昆明,8.7
1,昌都,-2.2
2,昌都,-2
3,昌都,4.9
4,昌都,6.6
5,昌都,9.7
6,昌都,11.4
7,昌都,12.5
8,昌都,13.1
9,昌都,11.5
10,昌都,7.9
11,昌都,3
12,昌都,-2.6
1,昭通,4.2
2,昭通,2.6
3,昭通,12.2
4,昭通,12
5,昭通,14.4
6,昭通,17.2
7,昭通,20.9
8,昭通,21.6
9,昭通,17
10,昭通,13.8
11,昭通,11.8
12,昭通,2.5
1,景德镇,7.5
2,景德镇,5.9
3,景德镇,15.5
4,景德镇,18.6
5,景德镇,21.1
6,景德镇,26.3
7,景德镇,30.9
8,景德镇,32.5
9,景德镇,27.3
10,景德镇,20.1
11,景德镇,17.1
12,景德镇,6.3
3,曲麻莱,-5.2
4,曲麻莱,0.2
5,曲麻莱,3.3
6,曲麻莱,6.9
7,曲麻莱,8.6
8,曲麻莱,8.9
9,曲麻莱,5.8
10,曲麻莱,1.3
11,曲麻莱,-3.8
12,曲麻莱,
1,朝阳,-3
2,朝阳,0.8
3,朝阳,5.3
4,朝阳,13.7
5,朝阳,19.3
6,朝阳,20.9
7,朝阳,25.1
8,朝阳,24.2
9,朝阳,20.9
10,朝阳,10.5
11,朝阳,4.5
1,本溪,-2.4
2,本溪,-0.4
3,本溪,3.6
4,本溪,13.3
5,本溪,16.7
6,本溪,21
7,本溪,25.1
8,本溪,22.9
9,本溪,18.8
10,本溪,9.5
11,本溪,5.1
12,本溪,-1.4
1,杂多,-6.4
2,杂多,-5.2
3,杂多,-1.4
4,杂多,1.2
5,杂多,5.9
6,杂多,7.5
7,杂多,9.6
8,杂多,9.5
9,杂多,7.9
10,杂多,3.2
11,杂多,-1.3
1,杭州,6.6
2,杭州,5.7
3,杭州,14.7
4,杭州,18.2
5,杭州,21.1
6,杭州,27.2
7,杭州,31.8
8,杭州,32.2
9,杭州,24.8
10,杭州,19.1
11,杭州,16.2
12,杭州,6.2
1,松山,17.3
2,松山,16.3
3,松山,20.9
4,松山,22.4
5,松山,23.4
6,松山,28.3
7,松山,30.8
8,松山,30.8
9,松山,27.1
10,松山,24
11,松山,23.5
12,松山,16.4
1,松潘,-1.6
2,松潘,-0.3
3,松潘,3.9
4,松潘,5.4
5,松潘,9
6,松潘,12
7,松潘,13.4
8,松潘,15.1
9,松潘,11.1
10,松潘,8.3
11,松潘,3.8
12,松潘,-0.3
1,林芝,1.6
2,林芝,0.8
3,林芝,8.4
4,林芝,10.1
5,林芝,12.4
6,林芝,13.8
7,林芝,15.5
8,林芝,16.2
9,林芝,14
10,林芝,11.6
11,林芝,7.1
12,林芝,4.6
2,林西县,-1.3
3,林西县,2.1
4,林西县,7.5
5,林西县,13.7
6,林西县,18.4
7,林西县,21.9
8,林西县,18.9
9,林西县,16.7
10,林西县,5.1
11,林西县,-0.4
1,枣阳,3.6
2,枣阳,5.5
3,枣阳,14
4,枣阳,19.3
5,枣阳,22.1
6,枣阳,29.2
7,枣阳,29.9
8,枣阳,30.2
9,枣阳,25.3
10,枣阳,17.8
11,枣阳,14.2
12,枣阳,4.6
1,柳州,9.4
2,柳州,6.9
3,柳州,18.3
4,柳州,20.3
5,柳州,21.2
6,柳州,25.9
7,柳州,28.7
8,柳州,28.5
9,柳州,28
10,柳州,23.3
11,柳州,19.8
12,柳州,10.1
3,格尔木,4.7
4,格尔木,8
5,格尔木,13
6,格尔木,15.4
7,格尔木,16.3
8,格尔木,16.5
9,格尔木,13.1
10,格尔木,7.3
11,格尔木,-1.2
12,格尔木,
1,桂林,9.2
2,桂林,7.2
3,桂林,17.8
4,桂林,20
5,桂林,21.7
6,桂林,26.4
7,桂林,29.4
8,桂林,29.8
9,桂林,28.5
10,桂林,23
11,桂林,19.2
12,桂林,9.5
1,桃园,16.9
2,桃园,15.8
3,桃园,19.9
4,桃园,22.1
5,桃园,23.3
6,桃园,28.5
7,桃园,31
8,桃园,30.8
9,桃园,27.6
10,桃园,24.3
11,桃园,23.1
12,桃园,16.2
1,桑植,5.7
2,桑植,5.3
3,桑植,13.7
4,桑植,18
5,桑植,20.1
6,桑植,25.5
7,桑植,28.4
8,桑植,30.3
9,桑植,24.5
10,桑植,18.3
11,桑植,15.4
12,桑植,6.5
1,桦甸,-5.1
2,桦甸,-1.8
3,桦甸,1
4,桦甸,10.2
5,桦甸,14.7
6,桦甸,19.6
7,桦甸,24.3
8,桦甸,20.7
9,桦甸,16.6
10,桦甸,6.7
11,桦甸,0.8
12,桦甸,-4.7
1,梅县,14.9
2,梅县,11.8
3,梅县,20.6
4,梅县,22.1
5,梅县,23.3
6,梅县,26.8
7,梅县,29.8
8,梅县,28.8
9,梅县,27.9
10,梅县,24.6
11,梅县,21.4
12,梅县,11.6
1,梧州,13.5
2,梧州,10.2
3,梧州,20.9
4,梧州,21.9
5,梧州,23.9
6,梧州,27.5
7,梧州,29.7
8,梧州,28.8
9,梧州,28.4
10,梧州,24.5
11,梧州,21.3
12,梧州,12
1,榆中,-1.8
2,榆中,-1.7
3,榆中,7.8
4,榆中,9.4
5,榆中,14
6,榆中,18.3
7,榆中,18.2
8,榆中,17
9,榆中,14.5
10,榆中,8.7
11,榆中,3.4
12,榆中,-0.8
1,榆林,-2.1
2,榆林,-2.6
3,榆林,9
4,榆林,12.7
5,榆林,17.3
6,榆林,22
7,榆林,22.1
8,榆林,21.1
9,榆林,17.5
10,榆林,10.2
11,榆林,5.2
12,榆林,-8.1
1,榆社,-2.4
2,榆社,0.5
3,榆社,6.6
4,榆社,12.5
5,榆社,15.5
6,榆社,21.4
7,榆社,22.1
8,榆社,21.9
9,榆社,16.8
10,榆社,9.3
11,榆社,6
12,榆社,-2.8
1,榕江,8.7
2,榕江,6.8
3,榕江,17.2
4,榕江,19.2
5,榕江,21
6,榕江,25.4
7,榕江,28.6
8,榕江,28.3
9,榕江,26.6
10,榕江,21.1
11,榕江,18.2
12,榕江,9.5
1,横栏岛,17.2
2,横栏岛,14.5
3,横栏岛,19.7
4,横栏岛,21
7,横栏岛,30.2
9,横栏岛,27.8
10,横栏岛,25.2
11,横栏岛,22.2
12,横栏岛,16
1,武夷山,10.2
2,武夷山,8.1
3,武夷山,16.8
4,武夷山,18.6
5,武夷山,20.8
6,武夷山,25.6
7,武夷山,30
8,武夷山,30.6
9,武夷山,27.5
10,武夷山,22
11,武夷山,18.7
12,武夷山,8.7
1,武汉,14.4
2,武汉,14
3,武汉,20.3
4,武汉,22.9
5,武汉,25
6,武汉,28.9
7,武汉,29.9
8,武汉,30.1
9,武汉,27
10,武汉,22.2
11,武汉,20.8
12,武汉,14.3
1,武都,5.3
2,武都,5
3,武都,14.8
4,武都,16
5,武都,19.5
6,武都,23.8
7,武都,24.6
8,武都,24.7
9,武都,20.6
10,武都,16.1
11,武都,12.8
12,武都,4.6
1,毕节,4.2
2,毕节,2.8
3,毕节,13.6
4,毕节,13.9
5,毕节,16.1
6,毕节,19.5
7,毕节,22.9
8,毕节,24.1
9,毕节,18.6
10,毕节,14.9
11,毕节,13
12,毕节,3.4
2,民勤,-2.3
3,民勤,8.7
4,民勤,10.5
5,民勤,17.1
6,民勤,22.5
7,民勤,21.7
8,民勤,20.9
9,民勤,19.5
10,民勤,9.7
11,民勤,4.7
1,永州,7
2,永州,5.5
3,永州,16.8
4,永州,19.3
5,永州,20.6
6,永州,26.9
7,永州,30.6
8,永州,31.3
9,永州,28.3
10,永州,21.1
11,永州,18.1
12,永州,7.4
1,汉中,4.7
2,汉中,5.6
3,汉中,13.3
4,汉中,17.5
5,汉中,21
6,汉中,25.4
7,汉中,26.5
8,汉中,27.3
9,汉中,21.1
10,汉中,15.1
11,汉中,11.8
12,汉中,4.2
1,汕头,16.4
2,汕头,14.2
3,汕头,20.2
4,汕头,22.5
5,汕头,23.5
6,汕头,28
7,汕头,29.8
8,汕头,29.3
9,汕头,28.8
10,汕头,25.2
11,汕头,22.8
12,汕头,15.2
1,汕尾,16.8
2,汕尾,14.4
3,汕尾,20.7
4,汕尾,22.8
5,汕尾,24.2
6,汕尾,28
7,汕尾,29.7
8,汕尾,28.5
9,汕尾,29
10,汕尾,25.6
11,汕尾,22.7
12,汕尾,15.3
1,江城,14.3
2,江城,13.6
3,江城,19.9
4,江城,19.5
5,江城,20.2
6,江城,21.5
7,江城,22.7
8,江城,22.4
9,江城,21.2
10,江城,19.1
11,江城,17.9
12,江城,13.8
1,沂源,-0.1
2,沂源,3.2
3,沂源,9.2
4,沂源,16.1
5,沂源,20.2
6,沂源,25.7
7,沂源,26
8,沂源,25.8
9,沂源,21.2
10,沂源,13.3
11,沂源,10.4
12,沂源,0.9
1,沅陵,6.1
2,沅陵,5.2
3,沅陵,14.4
4,沅陵,18.5
5,沅陵,20
6,沅陵,26.5
7,沅陵,29.9
8,沅陵,31.6
9,沅陵,27.3
10,沅陵,19.7
11,沅陵,16.7
12,沅陵,7.3
1,沈阳,-1.6
2,沈阳,0
3,沈阳,4
4,沈阳,13.1
5,沈阳,17.5
6,沈阳,21.3
7,沈阳,25
8,沈阳,22.7
9,沈阳,18.7
10,沈阳,9.2
11,沈阳,4.4
12,沈阳,-1.2
1,沙坪坝,9
2,沙坪坝,8.6
3,沙坪坝,18
4,沙坪坝,19.3
5,沙坪坝,21.9
6,沙坪坝,26
7,沙坪坝,30.6
8,沙坪坝,33.5
9,沙坪坝,24.1
10,沙坪坝,19.6
11,沙坪坝,16.5
12,沙坪坝,8.5
1,沙田,17.6
2,沙田,14.9
3,沙田,21.6
4,沙田,23.5
5,沙田,25.1
6,沙田,28.7
7,沙田,30.3
8,沙田,28.8
9,沙田,29
10,沙田,25.8
11,沙田,23.2
12,沙田,15.5
4,沱沱河,-1.9
5,沱沱河,1.8
6,沱沱河,5.3
7,沱沱河,7.1
8,沱沱河,7.4
9,沱沱河,4
10,沱沱河,-0.3
11,沱沱河,-7
1,河南,-4.5
2,河南,-6.8
3,河南,-0.4
4,河南,0.9
5,河南,5.5
6,河南,8.8
7,河南,10.8
8,河南,11.7
9,河南,6.5
10,河南,3.6
11,河南,-1.8
1,河曲,-3.3
2,河曲,-1.3
3,河曲,7.7
4,河曲,12
5,河曲,17.2
6,河曲,21.1
7,河曲,23.3
8,河曲,21.3
9,河曲,16.7
10,河曲,9.5
11,河曲,4.9
1,河池,11.1
2,河池,8.9
3,河池,19.4
4,河池,21.2
5,河池,22.4
6,河池,27.1
7,河池,29.5
8,河池,29
9,河池,27.6
10,河池,23.7
11,河池,21
12,河池,12.1
1,河源,15.2
2,河源,11.6
3,河源,21.4
4,河源,22.7
5,河源,24
6,河源,27.3
7,河源,30.4
8,河源,29.2
9,河源,29.3
10,河源,25.5
11,河源,21.7
12,河源,12.2
1,泊头,-0.6
2,泊头,4.4
3,泊头,9.3
4,泊头,16.8
5,泊头,21.2
6,泊头,25.8
7,泊头,27.7
8,泊头,26.7
9,泊头,23.5
10,泊头,14.5
11,泊头,10.2
12,泊头,-0.1
1,泰山,-5.8
2,泰山,-3.5
3,泰山,3.2
4,泰山,8.6
5,泰山,12.2
6,泰山,18.4
7,泰山,18.7
8,泰山,18.3
9,泰山,14.7
10,泰山,7.5
11,泰山,4.7
12,泰山,-2.4
2,泰来,1.8
3,泰来,0.8
4,泰来,7.4
5,泰来,14.6
6,泰来,20.5
7,泰来,25
8,泰来,20.8
9,泰来,16.5
10,泰来,5.7
11,泰来,0.1
1,泸西,9.9
2,泸西,8.4
3,泸西,16.9
4,泸西,16.1
5,泸西,17.4
6,泸西,20.4
7,泸西,21.8
8,泸西,21.8
9,泸西,19.6
10,泸西,16.7
11,泸西,15.5
12,泸西,8.3
1,泾河,2.2
2,泾河,3.9
3,泾河,13.5
4,泾河,18.1
5,泾河,21.4
6,泾河,26.5
7,泾河,26.4
8,泾河,26
9,泾河,21.8
10,泾河,14.1
11,泾河,10.1
12,泾河,1.9
1,流浮山,17.2
2,流浮山,14.1
3,流浮山,21.1
4,流浮山,23
5,流浮山,24.4
6,流浮山,27.9
7,流浮山,29.6
8,流浮山,27.8
9,流浮山,29.2
10,流浮山,25.4
11,流浮山,22.7
12,流浮山,14.8
1,济南,1.5
2,济南,6
3,济南,11
4,济南,17.7
5,济南,21.9
6,济南,27.3
7,济南,27.3
8,济南,26.6
9,济南,22.8
10,济南,14.8
11,济南,12.2
12,济南,3.3
1,浦城,8.8
2,浦城,6.8
3,浦城,16
4,浦城,17.8
5,浦城,20
6,浦城,24.9
7,浦城,29.5
8,浦城,30.3
9,浦城,26.2
10,浦城,20.5
11,浦城,17.6
12,浦城,7
2,海伦,-3.8
3,海伦,-0.8
4,海伦,5.2
5,海伦,12.2
6,海伦,19.8
7,海伦,23.2
8,海伦,18.6
9,海伦,14.7
10,海伦,3.6
11,海伦,-1.4
12,海伦,-6.9
1,海力素,-4.5
2,海力素,-6.8
3,海力素,2.1
4,海力素,8.3
5,海力素,16
6,海力素,19.5
7,海力素,21.7
8,海力素,20.3
9,海力素,18
10,海力素,8.3
11,海力素,3.6
1,海口,20.1
2,海口,17.3
3,海口,23.9
4,海口,24.5
5,海口,26.1
6,海口,29.2
7,海口,29.5
8,海口,28.6
9,海口,28
10,海口,25.4
11,海口,24.5
12,海口,17.8
3,海拉尔,-2.5
4,海拉尔,2.4
5,海拉尔,11.2
6,海拉尔,18.5
7,海拉尔,21
8,海拉尔,16.5
9,海拉尔,13
10,海拉尔,2.8
11,海拉尔,-3.2
1,海阳,0.3
2,海阳,2.2
3,海阳,7.2
4,海阳,13
5,海阳,18.5
6,海阳,21.5
7,海阳,26
8,海阳,25.6
9,海阳,21.8
10,海阳,14.4
11,海阳,11.2
12,海阳,1.3
1,淖毛湖,-3.4
2,淖毛湖,-2.5
3,淖毛湖,8.9
4,淖毛湖,16.7
5,淖毛湖,26.6
6,淖毛湖,27.2
7,淖毛湖,28.2
8,淖毛湖,27
9,淖毛湖,24.1
10,淖毛湖,11.9
11,淖毛湖,4.4
12,淖毛湖,-6.4
1,淮安,2.6
2,淮安,3.6
3,淮安,10.9
4,淮安,16.2
5,淮安,20.6
6,淮安,27.4
7,淮安,28.5
8,淮安,28.5
9,淮安,21.9
10,淮安,15.5
11,淮安,13.2
12,淮安,2.5
1,深圳,17.6
2,深圳,14.2
3,深圳,21.5
4,深圳,23.4
5,深圳,24.9
6,深圳,28
7,深圳,30
8,深圳,28.8
9,深圳,29.8
10,深圳,26.2
11,深圳,23.1
12,深圳,15.2
1,淳安,6.9
2,淳安,5.2
3,淳安,14.1
4,淳安,17.5
5,淳安,19.9
6,淳安,25.4
7,淳安,30.7
8,淳安,31.4
9,淳安,26
10,淳安,19
11,淳安,16.7
12,淳安,6.4
1,清原,-4
2,清原,-0.5
3,清原,2
4,清原,11.5
5,清原,14.6
6,清原,19.8
7,清原,24.2
8,清原,21.3
9,清原,17
10,清原,7.4
11,清原,2.5
12,清原,-3.6
1,温江,7.3
2,温江,6.7
3,温江,15.8
4,温江,17.5
5,温江,20.6
6,温江,24.5
7,温江,25.8
8,温江,26.9
9,温江,21.2
10,温江,17.5
11,温江,14.7
12,温江,6.7
1,湛江,17.7
2,湛江,14.4
3,湛江,21.8
4,湛江,22.5
5,湛江,25.1
6,湛江,28.7
7,湛江,29.5
8,湛江,28.4
9,湛江,27.9
10,湛江,24.8
11,湛江,23.4
12,湛江,15.7
1,溧阳,5.3
2,溧阳,4.8
3,溧阳,13.5
4,溧阳,17.4
5,溧阳,21.3
6,溧阳,27.3
7,溧阳,31
8,溧阳,31.4
9,溧阳,23.6
10,溧阳,17.4
11,溧阳,14.6
12,溧阳,4.6
1,满都拉气象站,-6.1
2,满都拉气象站,-4.7
3,满都拉气象站,3
4,满都拉气象站,7.3
5,满都拉气象站,15.7
6,满都拉气象站,19.4
7,满都拉气象站,23
8,满都拉气象站,20.4
9,满都拉气象站,18.2
10,满都拉气象站,8
11,满都拉气象站,1.2
2,漠河,-4.7
3,漠河,-2
4,漠河,0
5,漠河,7.1
6,漠河,16.7
7,漠河,20.4
8,漠河,13.9
9,漠河,8.1
10,漠河,-0.1
11,漠河,-4.6
1,漳平,14.3
2,漳平,12.1
3,漳平,19.5
4,漳平,21
5,漳平,22.1
6,漳平,25.5
7,漳平,29.1
8,漳平,28.8
9,漳平,26.9
10,漳平,23.8
11,漳平,20.4
12,漳平,11.8
1,潍坊,0.1
2,潍坊,3.9
3,潍坊,8.8
4,潍坊,16.1
5,潍坊,21.2
6,潍坊,24.8
7,潍坊,27.1
8,潍坊,26.6
9,潍坊,22.7
10,潍坊,14.5
11,潍坊,11.5
12,潍坊,0.7
1,澜沧,14.9
2,澜沧,15.9
3,澜沧,21.1
4,澜沧,21.9
5,澜沧,23.3
6,澜沧,23.5
7,澜沧,25
8,澜沧,24.5
9,澜沧,23.8
10,澜沧,22.2
11,澜沧,19
12,澜沧,16.5
1,澳门,17.4
2,澳门,14.1
3,澳门,20.7
4,澳门,22.8
5,澳门,24.6
6,澳门,27.8
7,澳门,29.8
8,澳门,28.7
9,澳门,29.3
10,澳门,25.7
11,澳门,22.8
12,澳门,15.3
2,爱辉,-5.6
3,爱辉,-1.2
4,爱辉,4.4
5,爱辉,12
6,爱辉,19.5
7,爱辉,23.2
8,爱辉,18.5
9,爱辉,12.5
10,爱辉,3
11,爱辉,-2.4
12,爱辉,
2,牡丹江,-2
3,牡丹江,1.8
4,牡丹江,9.5
5,牡丹江,13.5
6,牡丹江,18
7,牡丹江,22.9
8,牡丹江,20
9,牡丹江,15.7
10,牡丹江,6.3
11,牡丹江,-0.1
12,牡丹江,-4.2
1,独山,5.6
2,独山,3.5
3,独山,14.6
4,独山,16.2
5,独山,17.7
6,独山,22.8
7,独山,25.2
8,独山,24.9
9,独山,22.2
10,独山,17.5
11,独山,15.6
12,独山,6.2
3,狮泉河,0.2
4,狮泉河,1.1
5,狮泉河,5.3
7,狮泉河,9.9
8,狮泉河,9.3
9,狮泉河,7.3
10,狮泉河,4
1,玉树,-5.9
2,玉树,-3.5
3,玉树,0.7
4,玉树,3
5,玉树,6.9
6,玉树,9.9
7,玉树,10.2
8,玉树,11.8
9,玉树,8.6
10,玉树,4.3
11,玉树,-0.9
12,玉树,-5.8
2,玛多,-8
3,玛多,-5.1
4,玛多,-0.7
5,玛多,2.8
6,玛多,5.9
7,玛多,7.7
8,玛多,8.8
9,玛多,3.8
10,玛多,-0.2
11,玛多,-3.8
1,理塘,-0.2
2,理塘,-3
3,理塘,2.5
4,理塘,3.2
5,理塘,6.1
6,理塘,7.9
7,理塘,10.6
8,理塘,10.9
9,理塘,8.4
10,理塘,7.7
11,理塘,1.2
12,理塘,2.7
1,琼海,21.1
2,琼海,18.6
3,琼海,24.3
4,琼海,24.8
5,琼海,26.3
6,琼海,29.1
7,琼海,29.3
8,琼海,27.9
9,琼海,27.9
10,琼海,25.4
11,琼海,24.8
12,琼海,18.6
1,瑞安,10.3
2,瑞安,8.4
3,瑞安,15.1
4,瑞安,18.2
5,瑞安,19.8
6,瑞安,25.1
7,瑞安,30.6
8,瑞安,30
9,瑞安,26.7
10,瑞安,21.7
11,瑞安,18.2
12,瑞安,10
1,甘孜,-2.3
2,甘孜,-2.6
3,甘孜,2.5
4,甘孜,5.4
5,甘孜,8.1
6,甘孜,11.3
7,甘孜,12.5
8,甘孜,13.5
9,甘孜,10.9
10,甘孜,7.4
11,甘孜,1.3
12,甘孜,-3
1,百色,14.3
2,百色,11.8
3,百色,21.6
4,百色,23
5,百色,23.6
6,百色,28
7,百色,29.8
8,百色,30.4
9,百色,27.6
10,百色,23.7
11,百色,22.2
12,百色,13.8
2,皮山,-1.9
3,皮山,13.5
4,皮山,18.6
5,皮山,21.3
6,皮山,23.1
7,皮山,23.7
8,皮山,21.7
9,皮山,21.6
10,皮山,12.8
11,皮山,7.4
1,盐池,-2.7
2,盐池,-1.1
3,盐池,10.3
4,盐池,12.3
5,盐池,16.9
6,盐池,21.9
7,盐池,22.3
8,盐池,20.6
9,盐池,17.1
10,盐池,9.8
11,盐池,4.1
12,盐池,4.3
1,盐湖,1
2,盐湖,3
3,盐湖,12.6
4,盐湖,17.6
5,盐湖,21
6,盐湖,26.1
7,盐湖,26.6
8,盐湖,26
9,盐湖,21.7
10,盐湖,13.9
11,盐湖,11
12,盐湖,-0.9
1,石浦,7.7
2,石浦,6.4
3,石浦,13.1
4,石浦,16
5,石浦,18.1
6,石浦,23.8
7,石浦,29.1
8,石浦,29.2
9,石浦,24.7
10,石浦,19.3
11,石浦,16.4
12,石浦,8.1
1,福州,12.4
2,福州,10.2
3,福州,16.6
4,福州,19.3
5,福州,20.2
6,福州,25.9
7,福州,29.9
8,福州,30.7
9,福州,28.1
10,福州,23.1
11,福州,19.9
12,福州,12.5
1,福鼎,11
2,福鼎,9.1
3,福鼎,16.1
4,福鼎,18.7
5,福鼎,20.2
6,福鼎,25.5
7,福鼎,30.6
8,福鼎,30.5
9,福鼎,27.4
10,福鼎,22
11,福鼎,18.6
12,福鼎,10.5
1,离石,-0.6
2,离石,0
3,离石,9.7
4,离石,13.6
5,离石,18.2
6,离石,23
7,离石,23.3
8,离石,23
9,离石,19.1
10,离石,10.9
11,离石,7
1,稻城,-1.8
2,稻城,-4.1
3,稻城,4.6
4,稻城,4.4
5,稻城,7.5
6,稻城,9.7
7,稻城,11.5
8,稻城,12.6
9,稻城,10.6
10,稻城,8.9
11,稻城,1.8
12,稻城,2.8
1,精河,-6.2
2,精河,-2.9
3,精河,4.3
4,精河,16.6
5,精河,23.6
6,精河,26.3
7,精河,26.2
8,精河,25
9,精河,21
10,精河,9.9
11,精河,2.9
2,绥芬河,-2.5
3,绥芬河,0.2
4,绥芬河,8.7
5,绥芬河,11.7
6,绥芬河,15.7
7,绥芬河,20.5
8,绥芬河,19
9,绥芬河,14.5
10,绥芬河,6
11,绥芬河,-0.4
12,绥芬河,-7.6
1,罗甸,11
2,罗甸,8.9
3,罗甸,19.9
4,罗甸,19.9
5,罗甸,21.6
6,罗甸,26
7,罗甸,28.6
8,罗甸,28.2
9,罗甸,25.9
10,罗甸,21.3
11,罗甸,19.8
12,罗甸,11.6
1,老河口,3.1
2,老河口,4.3
3,老河口,12.4
4,老河口,17.6
5,老河口,20.2
6,老河口,27.5
7,老河口,28.2
8,老河口,28.1
9,老河口,24.1
10,老河口,16.3
11,老河口,12.6
12,老河口,3.6
1,耿马,13.2
2,耿马,14.2
3,耿马,20.8
4,耿马,20.4
5,耿马,21.9
6,耿马,22.7
7,耿马,24.6
8,耿马,23.8
9,耿马,23.2
10,耿马,21.5
11,耿马,17.9
12,耿马,14.6
1,腾冲,8.5
2,腾冲,8.6
3,腾冲,15.2
4,腾冲,16
5,腾冲,18
6,腾冲,19
7,腾冲,20.7
8,腾冲,21.2
9,腾冲,20
10,腾冲,18
11,腾冲,13
12,腾冲,9.9
1,色达,-7.2
2,色达,-5.8
3,色达,-0.1
4,色达,1.4
5,色达,4.4
6,色达,8.6
7,色达,9.4
8,色达,9.8
9,色达,7.7
10,色达,3.8
11,色达,-1.6
12,色达,-6.4
1,芜湖县,5.3
2,芜湖县,4.8
3,芜湖县,14.3
4,芜湖县,18.3
5,芜湖县,21.1
6,芜湖县,27.1
7,芜湖县,30.5
8,芜湖县,31.4
9,芜湖县,24
10,芜湖县,17.8
11,芜湖县,14.9
12,芜湖县,4.4
1,芷江,5.8
2,芷江,4.5
3,芷江,14.7
4,芷江,18.1
5,芷江,19.4
6,芷江,25.5
7,芷江,28.9
8,芷江,30.4
9,芷江,26.5
10,芷江,18.9
11,芷江,16.5
12,芷江,6.9
1,若尔盖,-5.3
2,若尔盖,-3.5
3,若尔盖,0.4
4,若尔盖,1.9
5,若尔盖,6.2
6,若尔盖,9.2
7,若尔盖,11.9
8,若尔盖,11.7
9,若尔盖,7.3
10,若尔盖,4.2
11,若尔盖,0.4
1,荆州,5
2,荆州,5.7
3,荆州,14.5
4,荆州,19
5,荆州,21.4
6,荆州,27.6
7,荆州,29.4
8,荆州,30.8
9,荆州,25.8
10,荆州,18.4
11,荆州,15.3
12,荆州,6
2,莎车,1.3
3,莎车,12.9
4,莎车,18.7
5,莎车,20.8
6,莎车,23.9
7,莎车,24.9
8,莎车,21.6
9,莎车,21.3
10,莎车,12.5
11,莎车,5.3
1,莘县,0.3
2,莘县,3.2
3,莘县,10.5
4,莘县,16.5
5,莘县,20.4
6,莘县,27.6
7,莘县,26.9
8,莘县,26.7
9,莘县,23.1
10,莘县,14.5
11,莘县,10.7
12,莘县,-0.7
1,营口,-1.6
2,营口,-0.7
3,营口,4.5
4,营口,12.9
5,营口,17.2
6,营口,21.6
7,营口,25.8
8,营口,24.2
9,营口,20
10,营口,11.2
11,营口,6.6
12,营口,-1.4
1,蒙山,10.6
2,蒙山,7.9
3,蒙山,19
4,蒙山,20.3
5,蒙山,21.9
6,蒙山,26.3
7,蒙山,28.8
8,蒙山,28.2
9,蒙山,27.3
10,蒙山,23.2
11,蒙山,20.2
12,蒙山,10.3
1,蔚县,-3.2
2,蔚县,-1.6
3,蔚县,5.6
4,蔚县,11.9
5,蔚县,16.5
6,蔚县,21.1
7,蔚县,23.5
8,蔚县,22
9,蔚县,18.7
10,蔚县,9.5
11,蔚县,4.1
2,虎林,-1.6
3,虎林,0.4
4,虎林,6.7
5,虎林,14
6,虎林,18.8
7,虎林,22.7
8,虎林,20.4
9,虎林,15.5
10,虎林,6.6
11,虎林,-0.3
12,虎林,-6.3
1,蚌埠,3.4
2,蚌埠,4.1
3,蚌埠,12.6
4,蚌埠,17.7
5,蚌埠,21
6,蚌埠,27.7
7,蚌埠,29.1
8,蚌埠,28.9
9,蚌埠,23.4
10,蚌埠,15.9
11,蚌埠,13.1
12,蚌埠,2.9
2,西乌珠穆沁,-6.1
3,西乌珠穆沁,-0.3
4,西乌珠穆沁,5
5,西乌珠穆沁,10.2
6,西乌珠穆沁,16.5
7,西乌珠穆沁,20.8
8,西乌珠穆沁,16.6
9,西乌珠穆沁,15
10,西乌珠穆沁,4.1
11,西乌珠穆沁,0.2
1,西华,2
2,西华,4
3,西华,11.5
4,西华,17.6
5,西华,21.3
6,西华,29
7,西华,28.1
8,西华,27.9
9,西华,23.6
10,西华,15.7
11,西华,11.9
12,西华,2.3
1,西宁,-4
2,西宁,-3.1
3,西宁,5.1
4,西宁,7
5,西宁,11.5
6,西宁,14.9
7,西宁,15.7
8,西宁,15
9,西宁,12.1
10,西宁,7.2
11,西宁,3.4
1,西峰,-2.8
2,西峰,-1
3,西峰,10
4,西峰,12.8
5,西峰,16.8
6,西峰,21.8
7,西峰,21.9
8,西峰,20.7
9,西峰,16.9
10,西峰,10.3
11,西峰,6.2
12,西峰,0.6
1,西昌,10.6
2,西昌,9.2
3,西昌,15.6
4,西昌,14
5,西昌,16.8
6,西昌,18.7
7,西昌,21.2
8,西昌,22.8
9,西昌,19.3
10,西昌,18
11,西昌,15.6
12,西昌,9.7
1,贵南,-4.2
2,贵南,-5.6
3,贵南,1.9
4,贵南,4.9
5,贵南,7.9
6,贵南,11.4
7,贵南,12.8
8,贵南,13.6
9,贵南,8.9
10,贵南,5
11,贵南,-0.8
1,贵阳,5.2
2,贵阳,3.4
3,贵阳,14.9
4,贵阳,15.4
5,贵阳,17.4
6,贵阳,21.9
7,贵阳,25.3
8,贵阳,25.9
9,贵阳,21
10,贵阳,16.7
11,贵阳,14.4
12,贵阳,5.2
1,费县,1.4
2,费县,3.5
3,费县,10.7
4,费县,17.2
5,费县,21.9
6,费县,27.1
7,费县,26.8
8,费县,27.4
9,费县,22.6
10,费县,14.9
11,费县,12.1
12,费县,2.1
1,赣县,2
2,赣县,3.9
3,赣县,12
4,赣县,17.6
5,赣县,21.5
6,赣县,27.4
7,赣县,28.1
8,赣县,27.8
9,赣县,23.2
10,赣县,15.7
11,赣县,12.6
12,赣县,4.1
1,赣榆,1.6
2,赣榆,3.2
3,赣榆,9.2
4,赣榆,15.6
5,赣榆,21.4
6,赣榆,25.4
7,赣榆,27.7
8,赣榆,27.7
9,赣榆,22.1
10,赣榆,15.1
11,赣榆,12.7
12,赣榆,1.7
1,赤峰,-2.7
2,赤峰,-0.5
3,赤峰,3.4
4,赤峰,11.5
5,赤峰,16.2
6,赤峰,19.3
7,赤峰,23.4
8,赤峰,21.8
9,赤峰,19
10,赤峰,8.3
11,赤峰,2.7
12,赤峰,-6.4
1,达川,7.7
2,达川,7.9
3,达川,16.5
4,达川,18.6
5,达川,22
6,达川,26.2
7,达川,28.1
8,达川,31.1
9,达川,23.6
10,达川,18.3
11,达川,15.2
12,达川,7.7
1,达日,-7.7
2,达日,-5
3,达日,-1.4
4,达日,0.2
5,达日,4.3
6,达日,8.2
7,达日,8.9
8,达日,10.5
9,达日,6.4
10,达日,2.7
11,达日,-2.6
1,达茂旗气象局,-3.4
2,达茂旗气象局,-4.7
3,达茂旗气象局,2.8
4,达茂旗气象局,8.5
5,达茂旗气象局,14.3
6,达茂旗气象局,18.6
7,达茂旗气象局,22.3
8,达茂旗气象局,20.1
9,达茂旗气象局,17.4
10,达茂旗气象局,7
11,达茂旗气象局,1.8
12,达茂旗气象局,-5.9
1,连州,10.6
2,连州,7.9
3,连州,19
4,连州,20.1
5,连州,22.3
6,连州,26.9
7,连州,29.8
8,连州,28.8
9,连州,28
10,连州,22.9
11,连州,19.3
12,连州,9.4
1,连平,12.5
2,连平,9
3,连平,18.8
4,连平,19.9
5,连平,22.1
6,连平,25.3
7,连平,28
8,连平,27.5
9,连平,26.7
10,连平,22.8
11,连平,19.8
12,连平,10.1
2,通河,-4.2
3,通河,0.2
4,通河,6.2
5,通河,13.2
6,通河,19.7
7,通河,24
8,通河,19.9
9,通河,15.2
10,通河,5
11,通河,-2.2
12,通河,-3.1
1,通辽,-5
2,通辽,-0.8
3,通辽,3.1
4,通辽,11.5
5,通辽,17
6,通辽,20.7
7,通辽,24.6
8,通辽,22.7
9,通辽,18.9
10,通辽,8.4
11,通辽,1.7
1,通道,6.5
2,通道,4.5
3,通道,15.7
4,通道,17.8
5,通道,19.5
6,通道,25.2
7,通道,27.9
8,通道,27.9
9,通道,25.1
10,通道,19.1
11,通道,16.7
12,通道,6.8
1,道孚,-1.1
2,道孚,0.1
3,道孚,4.9
4,道孚,7.1
5,道孚,10
6,道孚,12.8
7,道孚,12.9
8,道孚,14.3
9,道孚,12.3
10,道孚,9.8
11,道孚,3.9
12,道孚,-1.9
1,邢台,-0.6
2,邢台,3.9
3,邢台,9.8
4,邢台,17.1
5,邢台,21.2
6,邢台,26.5
7,邢台,26.2
8,邢台,25.2
9,邢台,23.1
10,邢台,14.5
11,邢台,10
12,邢台,2.3
2,那仁宝力格,-7
3,那仁宝力格,-0.9
4,那仁宝力格,5.3
5,那仁宝力格,13.3
6,那仁宝力格,17.6
7,那仁宝力格,21.8
8,那仁宝力格,17.5
9,那仁宝力格,14.9
10,那仁宝力格,4.9
11,那仁宝力格,-1.6
1,那坡,12
2,那坡,9.4
3,那坡,18.5
4,那坡,19.2
5,那坡,20.1
6,那坡,23.8
7,那坡,25.4
8,那坡,24.4
9,那坡,22.3
10,那坡,19.6
11,那坡,18.7
12,那坡,10.1
4,那曲,-0.3
5,那曲,3.2
6,那曲,6.7
7,那曲,7.2
8,那曲,7.6
9,那曲,6
10,那曲,1.9
11,那曲,-3.8
12,那曲,3.4
1,邵武,9.6
2,邵武,7.3
3,邵武,16.6
4,邵武,18.4
5,邵武,20.7
6,邵武,25.4
7,邵武,29.7
8,邵武,30.2
9,邵武,26.6
10,邵武,20.9
11,邵武,17.7
12,邵武,7.4
1,郑州,1.2
2,郑州,3.9
3,郑州,11.8
4,郑州,18.4
5,郑州,22.3
6,郑州,29.8
7,郑州,27.7
8,郑州,28.1
9,郑州,23.8
10,郑州,15.1
11,郑州,11.2
12,郑州,1.7
1,郴州,6.2
2,郴州,4.2
3,郴州,16.3
4,郴州,18.4
5,郴州,20
6,郴州,25.8
7,郴州,29.2
8,郴州,29.1
9,郴州,26.4
10,郴州,19.5
11,郴州,16.7
12,郴州,5.8
2,都兰,-4.8
3,都兰,2.1
4,都兰,4.8
5,都兰,8.6
6,都兰,11.8
7,都兰,12.3
8,都兰,14.8
9,都兰,9.3
10,都兰,5.6
11,都兰,-2.9
1,鄂托克旗,-2.8
2,鄂托克旗,-3.3
3,鄂托克旗,8
4,鄂托克旗,11
5,鄂托克旗,16.3
6,鄂托克旗,20.6
7,鄂托克旗,21.5
8,鄂托克旗,20
9,鄂托克旗,15.6
10,鄂托克旗,8.4
11,鄂托克旗,2.5
1,酉阳,3.7
2,酉阳,2.6
3,酉阳,12.3
4,酉阳,15.3
5,酉阳,17.3
6,酉阳,22.4
7,酉阳,25.6
8,酉阳,27.3
9,酉阳,22.4
10,酉阳,16.4
11,酉阳,13.4
12,酉阳,4.8
1,酒泉,-1.8
2,酒泉,-2.4
3,酒泉,7.3
4,酒泉,10.1
5,酒泉,15.4
6,酒泉,20.9
7,酒泉,21.2
8,酒泉,20.3
9,酒泉,16.1
10,酒泉,8.9
11,酒泉,3.7
12,酒泉,0
1,钟祥,4
2,钟祥,5.3
3,钟祥,13.8
4,钟祥,18.6
5,钟祥,20.9
6,钟祥,27
7,钟祥,28.8
8,钟祥,29.8
9,钟祥,25
10,钟祥,17.6
11,钟祥,14.3
12,钟祥,5.2
1,钦州,14.2
2,钦州,11
3,钦州,21
4,钦州,22.4
5,钦州,24.3
6,钦州,27.9
7,钦州,29.4
8,钦州,28.2
9,钦州,27.9
10,钦州,24.1
11,钦州,22.6
12,钦州,13.8
1,铁干里克,3.2
2,铁干里克,0.6
3,铁干里克,11.2
4,铁干里克,16.6
5,铁干里克,23.6
6,铁干里克,26.3
7,铁干里克,25.2
8,铁干里克,24.4
9,铁干里克,21.5
10,铁干里克,11.6
11,铁干里克,4.5
1,银川,-2.7
2,银川,-1.9
3,银川,10
4,银川,12.8
5,银川,17.9
6,银川,22.9
7,银川,23.5
8,银川,21.5
9,银川,18.7
10,银川,10.4
11,银川,5.1
1,锡林浩特,-5.4
2,锡林浩特,-5.7
3,锡林浩特,0.7
4,锡林浩特,6.4
5,锡林浩特,12.6
6,锡林浩特,18
7,锡林浩特,22.9
8,锡林浩特,18.5
9,锡林浩特,16.2
10,锡林浩特,6.4
11,锡林浩特,0.3
1,长岛,0.4
2,长岛,1.5
3,长岛,6.3
4,长岛,13.1
5,长岛,18
6,长岛,22.2
7,长岛,25.3
8,长岛,25.2
9,长岛,22.1
10,长岛,15
11,长岛,11.1
12,长岛,2.1
1,长岭,-6.2
2,长岭,-1.7
3,长岭,1.9
4,长岭,9.7
5,长岭,16.2
6,长岭,21.1
7,长岭,24.6
8,长岭,22
9,长岭,18.2
10,长岭,7.5
11,长岭,1
1,长春,-4.9
2,长春,-2
3,长春,0.9
4,长春,9.9
5,长春,15.6
6,长春,20.5
7,长春,24.2
8,长春,21.1
9,长春,17
10,长春,6.7
11,长春,0.3
12,长春,-5.1
1,长汀,10.6
2,长汀,7.8
3,长汀,17.9
4,长汀,19.2
5,长汀,21.3
6,长汀,25.7
7,长汀,29.2
8,长汀,28.7
9,长汀,26.4
10,长汀,22.1
11,长汀,18.8
12,长汀,8.1
1,长沙,5.3
2,长沙,4.6
3,长沙,14.8
4,长沙,18.8
5,长沙,20.1
6,长沙,26.8
7,长沙,29.9
8,长沙,30.9
9,长沙,26.1
10,长沙,18.8
11,长沙,16.1
12,长沙,6.1
1,长洲,17.3
2,长洲,14.5
3,长洲,20.3
4,长洲,22.6
5,长洲,23.6
6,长洲,26.9
7,长洲,28.6
8,长洲,27.2
9,长洲,27.9
10,长洲,24.5
11,长洲,22.1
12,长洲,15.3
1,长白,-5.5
2,长白,-3.4
3,长白,0.9
4,长白,8
5,长白,11.3
6,长白,16.6
7,长白,21.1
8,长白,18.4
9,长白,14.1
10,长白,5
11,长白,-0.1
12,长白,-7.8
1,阆中,7.8
2,阆中,7.9
3,阆中,17.1
4,阆中,18.5
5,阆中,21.8
6,阆中,26.2
7,阆中,27.5
8,阆中,29.4
9,阆中,22.5
10,阆中,18.1
11,阆中,15.1
12,阆中,7.6
1,阜阳,3.6
2,阜阳,4.6
3,阜阳,12.9
4,阜阳,18.3
5,阜阳,21.4
6,阜阳,28.9
7,阜阳,29.1
8,阜阳,29.7
9,阜阳,24.2
10,阜阳,16.9
11,阜阳,13.5
12,阜阳,3.1
1,阳城,-0.8
2,阳城,0.4
3,阳城,9.6
4,阳城,15.4
5,阳城,18.2
6,阳城,24.8
7,阳城,24.4
8,阳城,24.4
9,阳城,19.9
10,阳城,12.2
11,阳城,8.9
12,阳城,-0.6
1,阳江,17
2,阳江,13.6
3,阳江,21.4
4,阳江,22.7
5,阳江,24.7
6,阳江,27.9
7,阳江,29.5
8,阳江,27.8
9,阳江,28.2
10,阳江,25
11,阳江,22.5
12,阳江,15
1,阿勒泰,-4.8
2,阿勒泰,-6
3,阿勒泰,-0.5
4,阿勒泰,10.6
5,阿勒泰,20
6,阿勒泰,21.7
7,阿勒泰,20.9
8,阿勒泰,19.3
9,阿勒泰,15.7
10,阿勒泰,6.1
11,阿勒泰,1.1
3,阿尔山,-2.3
4,阿尔山,2.1
5,阿尔山,7.5
6,阿尔山,14.4
7,阿尔山,19.1
8,阿尔山,13.6
9,阿尔山,11.8
10,阿尔山,0.7
11,阿尔山,-2.1
3,阿巴嘎旗,0
4,阿巴嘎旗,5.3
5,阿巴嘎旗,12.5
6,阿巴嘎旗,17.7
7,阿巴嘎旗,22.6
8,阿巴嘎旗,17.8
9,阿巴嘎旗,15.9
10,阿巴嘎旗,6
11,阿巴嘎旗,-0.8
1,阿拉尔,-2.9
2,阿拉尔,-1.8
3,阿拉尔,9.7
4,阿拉尔,17.8
5,阿拉尔,23.7
6,阿拉尔,24.2
7,阿拉尔,24.2
8,阿拉尔,22.3
9,阿拉尔,22.5
10,阿拉尔,11.9
11,阿拉尔,3.7
12,阿拉尔,-5.8
1,陵县,-0.5
2,陵县,3.5
3,陵县,9.4
4,陵县,15.8
5,陵县,19.5
6,陵县,26
7,陵县,27
8,陵县,26
9,陵县,21.8
10,陵县,13.8
11,陵县,10.6
12,陵县,-1.3
1,集宁,-5.5
2,集宁,-5
3,集宁,3.5
4,集宁,8.9
5,集宁,14.2
6,集宁,18
7,集宁,20.9
8,集宁,19.7
9,集宁,15.8
10,集宁,7.8
11,集宁,1.4
1,集安,-4.6
2,集安,-1
3,集安,3.4
4,集安,11.8
5,集安,14.7
6,集安,20.5
7,集安,24.4
8,集安,21.8
9,集安,17.3
10,集安,8.5
11,集安,3.7
12,集安,-5
1,霍山,4.2
2,霍山,4.2
3,霍山,13.8
4,霍山,17.9
5,霍山,20.8
6,霍山,27.5
7,霍山,29.2
8,霍山,29.9
9,霍山,23.5
10,霍山,16
11,霍山,13.2
12,霍山,2.9
1,青岛,0.1
2,青岛,2.3
3,青岛,7.6
4,青岛,13.5
5,青岛,19.3
6,青岛,22.8
7,青岛,26.3
8,青岛,26.1
9,青岛,22.1
10,青岛,14.8
11,青岛,11.3
12,青岛,1.2
1,青龙,-2.4
2,青龙,3.2
3,青龙,5.5
4,青龙,13.8
5,青龙,17.8
6,青龙,21.5
7,青龙,24.7
8,青龙,23.5
9,青龙,19.9
10,青龙,10.5
11,青龙,5.9
12,青龙,-2.6
1,韶关,11.9
2,韶关,8.9
3,韶关,19.2
4,韶关,20.6
5,韶关,22.5
6,韶关,26.5
7,韶关,29.7
8,韶关,29.1
9,韶关,28.1
10,韶关,23.2
11,韶关,19.8
12,韶关,10.3
1,香港,18.2
2,香港,15
3,香港,22.2
4,香港,24.2
5,香港,25.7
6,香港,29.2
7,香港,30.9
8,香港,29.4
9,香港,30.2
10,香港,26.7
11,香港,23.9
12,香港,16.3
1,马尔康,1
2,马尔康,1.3
3,马尔康,6.5
4,马尔康,8
5,马尔康,10.9
6,马尔康,13.8
7,马尔康,14.7
8,马尔康,16.3
9,马尔康,13.1
10,马尔康,9.7
11,马尔康,5.2
12,马尔康,2.1
1,马鬃山,-4.5
3,马鬃山,1.6
4,马鬃山,7.2
5,马鬃山,17.4
6,马鬃山,20
7,马鬃山,20.6
8,马鬃山,19.9
9,马鬃山,16.2
10,马鬃山,4.8
11,马鬃山,0.9
1,驻马店,2
2,驻马店,4.2
3,驻马店,12.3
4,驻马店,18.3
5,驻马店,21.2
6,驻马店,28.5
7,驻马店,28.1
8,驻马店,28
9,驻马店,23.4
10,驻马店,15.5
11,驻马店,12.1
12,驻马店,3
1,高坪,7.7
2,高坪,7.9
3,高坪,17
4,高坪,18.2
5,高坪,21.2
6,高坪,25.3
7,高坪,27
8,高坪,29.2
9,高坪,22.2
10,高坪,17.8
11,高坪,14.8
12,高坪,7.3
1,高要,15.5
2,高要,12.2
3,高要,21.4
4,高要,22.8
5,高要,24.4
6,高要,28
7,高要,29.9
8,高要,28.4
9,高要,28.7
10,高要,24.9
11,高要,21.8
12,高要,13.6
1,高雄,20.4
2,高雄,19.8
3,高雄,23.9
4,高雄,25.2
5,高雄,26.4
6,高雄,29.5
7,高雄,30
8,高雄,29.5
9,高雄,28.7
10,高雄,26.6
11,高雄,25.9
12,高雄,20.7
2,鸡西,-2.2
3,鸡西,0.8
4,鸡西,8.2
5,鸡西,13.3
6,鸡西,18.5
7,鸡西,22.7
8,鸡西,20.1
9,鸡西,15.6
10,鸡西,6.5
11,鸡西,-0.5
12,鸡西,-5.2
1,麦积,0.5
2,麦积,1.1
3,麦积,11.9
4,麦积,13.4
5,麦积,18
6,麦积,21.9
7,麦积,23.4
8,麦积,22.5
9,麦积,18.5
10,麦积,12.9
11,麦积,8.2
12,麦积,0.4
1,麻城,5.2
2,麻城,5.5
3,麻城,14.7
4,麻城,19.1
5,麻城,21.7
6,麻城,27.6
7,麻城,29.7
8,麻城,31.2
9,麻城,25.9
10,麻城,18.4
11,麻城,15
12,麻城,4.8
1,黄山,-0.3
2,黄山,-2.6
3,黄山,6.9
4,黄山,9
5,黄山,11.5
6,黄山,16.3
7,黄山,19.2
8,黄山,20.3
9,黄山,14.4
10,黄山,10.3
11,黄山,7.9
12,黄山,-1.4
2,齐齐哈尔,-0.4
3,齐齐哈尔,0.7
4,齐齐哈尔,6.9
5,齐齐哈尔,13.7
6,齐齐哈尔,20.8
7,齐齐哈尔,25
8,齐齐哈尔,20.1
9,齐齐哈尔,16
10,齐齐哈尔,5.2
11,齐齐哈尔,-0.2
1,龙口,-0.4
2,龙口,1.9
3,龙口,7.6
4,龙口,14.6
5,龙口,19.9
6,龙口,24.5
7,龙口,26.8
8,龙口,25.8
9,龙口,22.1
10,龙口,14.4
11,龙口,11
12,龙口,0.8
